id,  i,  even,  odd,  s
"None","0","None","None","None"
"None","25670","None","None","None"
"None","-6","None","None","None"
"127","127","0","1","This is testtable row 127"
"126","126","1","0","This is testtable row 126"
"125","125","0","1","This is testtable row 125"
"124","124","1","0","This is testtable row 124"
"123","123","0","1","This is testtable row 123"
"122","122","1","0","This is testtable row 122"
"121","121","0","1","This is testtable row 121"
"120","120","1","0","This is testtable row 120"
"119","119","0","1","This is testtable row 119"
"118","118","1","0","This is testtable row 118"
"117","117","0","1","This is testtable row 117"
"116","116","1","0","This is testtable row 116"
"115","115","0","1","This is testtable row 115"
"114","114","1","0","This is testtable row 114"
"113","113","0","1","This is testtable row 113"
"317","317","0","1","This is testtable row 317"
"316","316","1","0","This is testtable row 316"
"315","315","0","1","This is testtable row 315"
"314","314","1","0","This is testtable row 314"
"313","313","0","1","This is testtable row 313"
"312","312","1","0","This is testtable row 312"
"311","311","0","1","This is testtable row 311"
"310","310","1","0","This is testtable row 310"
"309","309","0","1","This is testtable row 309"
"308","308","1","0","This is testtable row 308"
"307","307","0","1","This is testtable row 307"
"306","306","1","0","This is testtable row 306"
"305","305","0","1","This is testtable row 305"
"304","304","1","0","This is testtable row 304"
"303","303","0","1","This is testtable row 303"
"302","302","1","0","This is testtable row 302"
"301","301","0","1","This is testtable row 301"
"300","300","1","0","This is testtable row 300"
"299","299","0","1","This is testtable row 299"
"298","298","1","0","This is testtable row 298"
"297","297","0","1","This is testtable row 297"
"296","296","1","0","This is testtable row 296"
"295","295","0","1","This is testtable row 295"
"294","294","1","0","This is testtable row 294"
"293","293","0","1","This is testtable row 293"
"292","292","1","0","This is testtable row 292"
"291","291","0","1","This is testtable row 291"
"290","290","1","0","This is testtable row 290"
"289","289","0","1","This is testtable row 289"
"288","288","1","0","This is testtable row 288"
"287","287","0","1","This is testtable row 287"
"286","286","1","0","This is testtable row 286"
"285","285","0","1","This is testtable row 285"
"284","284","1","0","This is testtable row 284"
"283","283","0","1","This is testtable row 283"
"282","282","1","0","This is testtable row 282"
"281","281","0","1","This is testtable row 281"
"280","280","1","0","This is testtable row 280"
"279","279","0","1","This is testtable row 279"
"278","278","1","0","This is testtable row 278"
"277","277","0","1","This is testtable row 277"
"276","276","1","0","This is testtable row 276"
"275","275","0","1","This is testtable row 275"
"274","274","1","0","This is testtable row 274"
"273","273","0","1","This is testtable row 273"
"272","272","1","0","This is testtable row 272"
"271","271","0","1","This is testtable row 271"
"270","270","1","0","This is testtable row 270"
"269","269","0","1","This is testtable row 269"
"268","268","1","0","This is testtable row 268"
"267","267","0","1","This is testtable row 267"
"266","266","1","0","This is testtable row 266"
"265","265","0","1","This is testtable row 265"
"264","264","1","0","This is testtable row 264"
"263","263","0","1","This is testtable row 263"
"262","262","1","0","This is testtable row 262"
"261","261","0","1","This is testtable row 261"
"260","260","1","0","This is testtable row 260"
"259","259","0","1","This is testtable row 259"
"258","258","1","0","This is testtable row 258"
"257","257","0","1","This is testtable row 257"
"256","256","1","0","This is testtable row 256"
"255","255","0","1","This is testtable row 255"
"254","254","1","0","This is testtable row 254"
"253","253","0","1","This is testtable row 253"
"252","252","1","0","This is testtable row 252"
"251","251","0","1","This is testtable row 251"
"250","250","1","0","This is testtable row 250"
"249","249","0","1","This is testtable row 249"
"248","248","1","0","This is testtable row 248"
"247","247","0","1","This is testtable row 247"
"246","246","1","0","This is testtable row 246"
"245","245","0","1","This is testtable row 245"
"244","244","1","0","This is testtable row 244"
"243","243","0","1","This is testtable row 243"
"242","242","1","0","This is testtable row 242"
"241","241","0","1","This is testtable row 241"
"240","240","1","0","This is testtable row 240"
"239","239","0","1","This is testtable row 239"
"238","238","1","0","This is testtable row 238"
"1","1","1","1",""
"None","56525","None","None","None"
"None","3704423424","None","None","None"
"None","60781286735276","None","None","None"
"None","104353578974538","None","None","None"
"None","55128925231560","None","None","None"
"623","623","0","1","This is testtable row 623"
"622","622","1","0","This is testtable row 622"
"621","621","0","1","This is testtable row 621"
"620","620","1","0","This is testtable row 620"
"619","619","0","1","This is testtable row 619"
"618","618","1","0","This is testtable row 618"
"617","617","0","1","This is testtable row 617"
"616","616","1","0","This is testtable row 616"
"615","615","0","1","This is testtable row 615"
"614","614","1","0","This is testtable row 614"
"613","613","0","1","This is testtable row 613"
"612","612","1","0","This is testtable row 612"
"611","611","0","1","This is testtable row 611"
"610","610","1","0","This is testtable row 610"
"609","609","0","1","This is testtable row 609"
"608","608","1","0","This is testtable row 608"
"607","607","0","1","This is testtable row 607"
"606","606","1","0","This is testtable row 606"
"605","605","0","1","This is testtable row 605"
"604","604","1","0","This is testtable row 604"
"603","603","0","1","This is testtable row 603"
"602","602","1","0","This is testtable row 602"
"601","601","0","1","This is testtable row 601"
"600","600","1","0","This is testtable row 600"
"599","599","0","1","This is testtable row 599"
"598","598","1","0","This is testtable row 598"
"597","597","0","1","This is testtable row 597"
"596","596","1","0","This is testtable row 596"
"595","595","0","1","This is testtable row 595"
"594","594","1","0","This is testtable row 594"
"593","593","0","1","This is testtable row 593"
"592","592","1","0","This is testtable row 592"
"591","591","0","1","This is testtable row 591"
"590","590","1","0","This is testtable row 590"
"589","589","0","1","This is testtable row 589"
"588","588","1","0","This is testtable row 588"
"587","587","0","1","This is testtable row 587"
"586","586","1","0","This is testtable row 586"
"585","585","0","1","This is testtable row 585"
"584","584","1","0","This is testtable row 584"
"583","583","0","1","This is testtable row 583"
"582","582","1","0","This is testtable row 582"
"581","581","0","1","This is testtable row 581"
"580","580","1","0","This is testtable row 580"
"579","579","0","1","This is testtable row 579"
"578","578","1","0","This is testtable row 578"
"577","577","0","1","This is testtable row 577"
"576","576","1","0","This is testtable row 576"
"575","575","0","1","This is testtable row 575"
"574","574","1","0","This is testtable row 574"
"573","573","0","1","This is testtable row 573"
"572","572","1","0","This is testtable row 572"
"571","571","0","1","This is testtable row 571"
"570","570","1","0","This is testtable row 570"
"569","569","0","1","This is testtable row 569"
"568","568","1","0","This is testtable row 568"
"567","567","0","1","This is testtable row 567"
"566","566","1","0","This is testtable row 566"
"565","565","0","1","This is testtable row 565"
"564","564","1","0","This is testtable row 564"
"563","563","0","1","This is testtable row 563"
"562","562","1","0","This is testtable row 562"
"561","561","0","1","This is testtable row 561"
"560","560","1","0","This is testtable row 560"
"559","559","0","1","This is testtable row 559"
"558","558","1","0","This is testtable row 558"
"557","557","0","1","This is testtable row 557"
"556","556","1","0","This is testtable row 556"
"555","555","0","1","This is testtable row 555"
"554","554","1","0","This is testtable row 554"
"553","553","0","1","This is testtable row 553"
"552","552","1","0","This is testtable row 552"
"551","551","0","1","This is testtable row 551"
"550","550","1","0","This is testtable row 550"
"549","549","0","1","This is testtable row 549"
"548","548","1","0","This is testtable row 548"
"547","547","0","1","This is testtable row 547"
"546","546","1","0","This is testtable row 546"
"545","545","0","1","This is testtable row 545"
"544","544","1","0","This is testtable row 544"
"543","543","0","1","This is testtable row 543"
"542","542","1","0","This is testtable row 542"
"541","541","0","1","This is testtable row 541"
"540","540","1","0","This is testtable row 540"
"539","539","0","1","This is testtable row 539"
"538","538","1","0","This is testtable row 538"
"537","537","0","1","This is testtable row 537"
"536","536","1","0","This is testtable row 536"
"535","535","0","1","This is testtable row 535"
"534","534","1","0","This is testtable row 534"
"533","533","0","1","This is testtable row 533"
"532","532","1","0","This is testtable row 532"
"531","531","0","1","This is testtable row 531"
"530","530","1","0","This is testtable row 530"
"529","529","0","1","This is testtable row 529"
"528","528","1","0","This is testtable row 528"
"527","527","0","1","This is testtable row 527"
"526","526","1","0","This is testtable row 526"
"525","525","0","1","This is testtable row 525"
"524","524","1","0","This is testtable row 524"
"523","523","0","1","This is testtable row 523"
"522","522","1","0","This is testtable row 522"
"112","112","1","0","This is testtable row 112"
"111","111","0","1","This is testtable row 111"
"110","110","1","0","This is testtable row 110"
"109","109","0","1","This is testtable row 109"
"108","108","1","0","This is testtable row 108"
"107","107","0","1","This is testtable row 107"
"106","106","1","0","This is testtable row 106"
"105","105","0","1","This is testtable row 105"
"104","104","1","0","This is testtable row 104"
"103","103","0","1","This is testtable row 103"
"102","102","1","0","This is testtable row 102"
"101","101","0","1","This is testtable row 101"
"100","100","1","0","This is testtable row 100"
"99","99","0","1","This is testtable row 99"
"98","98","1","0","This is testtable row 98"
"97","97","0","1","This is testtable row 97"
"96","96","1","0","This is testtable row 96"
"95","95","0","1","This is testtable row 95"
"94","94","1","0","This is testtable row 94"
"93","93","0","1","This is testtable row 93"
"92","92","1","0","This is testtable row 92"
"91","91","0","1","This is testtable row 91"
"90","90","1","0","This is testtable row 90"
"89","89","0","1","This is testtable row 89"
"88","88","1","0","This is testtable row 88"
"87","87","0","1","This is testtable row 87"
"86","86","1","0","This is testtable row 86"
"85","85","0","1","This is testtable row 85"
"84","84","1","0","This is testtable row 84"
"83","83","0","1","This is testtable row 83"
"82","82","1","0","This is testtable row 82"
"81","81","0","1","This is testtable row 81"
"80","80","1","0","This is testtable row 80"
"79","79","0","1","This is testtable row 79"
"78","78","1","0","This is testtable row 78"
"77","77","0","1","This is testtable row 77"
"76","76","1","0","This is testtable row 76"
"75","75","0","1","This is testtable row 75"
"74","74","1","0","This is testtable row 74"
"73","73","0","1","This is testtable row 73"
"72","72","1","0","This is testtable row 72"
"71","71","0","1","This is testtable row 71"
"70","70","1","0","This is testtable row 70"
"69","69","0","1","This is testtable row 69"
"68","68","1","0","This is testtable row 68"
"67","67","0","1","This is testtable row 67"
"66","66","1","0","This is testtable row 66"
"65","65","0","1","This is testtable row 65"
"64","64","1","0","This is testtable row 64"
"63","63","0","1","This is testtable row 63"
"62","62","1","0","This is testtable row 62"
"61","61","0","1","This is testtable row 61"
"60","60","1","0","This is testtable row 60"
"59","59","0","1","This is testtable row 59"
"58","58","1","0","This is testtable row 58"
"57","57","0","1","This is testtable row 57"
"56","56","1","0","This is testtable row 56"
"55","55","0","1","This is testtable row 55"
"54","54","1","0","This is testtable row 54"
"53","53","0","1","This is testtable row 53"
"52","52","1","0","This is testtable row 52"
"51","51","0","1","This is testtable row 51"
"50","50","1","0","This is testtable row 50"
"49","49","0","1","This is testtable row 49"
"48","48","1","0","This is testtable row 48"
"47","47","0","1","This is testtable row 47"
"46","46","1","0","This is testtable row 46"
"45","45","0","1","This is testtable row 45"
"44","44","1","0","This is testtable row 44"
"43","43","0","1","This is testtable row 43"
"42","42","1","0","This is testtable row 42"
"41","41","0","1","This is testtable row 41"
"40","40","1","0","This is testtable row 40"
"39","39","0","1","This is testtable row 39"
"38","38","1","0","This is testtable row 38"
"37","37","0","1","This is testtable row 37"
"36","36","1","0","This is testtable row 36"
"35","35","0","1","This is testtable row 35"
"34","34","1","0","This is testtable row 34"
"33","33","0","1","This is testtable row 33"
"32","32","1","0","This is testtable row 32"
"31","31","0","1","This is testtable row 31"
"30","30","1","0","This is testtable row 30"
"29","29","0","1","This is testtable row 29"
"28","28","1","0","This is testtable row 28"
"27","27","0","1","This is testtable row 27"
"26","26","1","0","This is testtable row 26"
"25","25","0","1","This is testtable row 25"
"24","24","1","0","This is testtable row 24"
"23","23","0","1","This is testtable row 23"
"22","22","1","0","This is testtable row 22"
"21","21","0","1","This is testtable row 21"
"20","20","1","0","This is testtable row 20"
"19","19","0","1","This is testtable row 19"
"18","18","1","0","This is testtable row 18"
"17","17","0","1","This is testtable row 17"
"16","16","1","0","This is testtable row 16"
"15","15","0","1","This is testtable row 15"
"14","14","1","0","This is testtable row 14"
"13","13","0","1","This is testtable row 13"
"12","12","1","0","This is testtable row 12"
"11","11","0","1","This is testtable row 11"
"10","10","1","0","This is testtable row 10"
"9","9","0","1","This is testtable row 9"
"8","8","1","0","This is testtable row 8"
"7","7","0","1","This is testtable row 7"
"6","6","1","0","This is testtable row 6"
"5","5","0","1","This is testtable row 5"
"4","4","1","0","This is testtable row 4"
"3","3","0","1","This is testtable row 3"
"2","2","1","0","This is testtable row 2"
"1","1","0","1","This is testtable row 1"
"0","0","1","0","This is testtable row 0"
"None","64797181836618","None","None","None"
"999","999","0","1","This is testtable row 999"
"998","998","1","0","This is testtable row 998"
"997","997","0","1","This is testtable row 997"
"996","996","1","0","This is testtable row 996"
"995","995","0","1","This is testtable row 995"
"994","994","1","0","This is testtable row 994"
"993","993","0","1","This is testtable row 993"
"992","992","1","0","This is testtable row 992"
"991","991","0","1","This is testtable row 991"
"990","990","1","0","This is testtable row 990"
"989","989","0","1","This is testtable row 989"
"988","988","1","0","This is testtable row 988"
"987","987","0","1","This is testtable row 987"
"986","986","1","0","This is testtable row 986"
"985","985","0","1","This is testtable row 985"
"984","984","1","0","This is testtable row 984"
"983","983","0","1","This is testtable row 983"
"982","982","1","0","This is testtable row 982"
"981","981","0","1","This is testtable row 981"
"980","980","1","0","This is testtable row 980"
"979","979","0","1","This is testtable row 979"
"978","978","1","0","This is testtable row 978"
"977","977","0","1","This is testtable row 977"
"976","976","1","0","This is testtable row 976"
"975","975","0","1","This is testtable row 975"
"974","974","1","0","This is testtable row 974"
"973","973","0","1","This is testtable row 973"
"972","972","1","0","This is testtable row 972"
"971","971","0","1","This is testtable row 971"
"970","970","1","0","This is testtable row 970"
"969","969","0","1","This is testtable row 969"
"968","968","1","0","This is testtable row 968"
"967","967","0","1","This is testtable row 967"
"966","966","1","0","This is testtable row 966"
"965","965","0","1","This is testtable row 965"
"964","964","1","0","This is testtable row 964"
"963","963","0","1","This is testtable row 963"
"962","962","1","0","This is testtable row 962"
"961","961","0","1","This is testtable row 961"
"960","960","1","0","This is testtable row 960"
"959","959","0","1","This is testtable row 959"
"958","958","1","0","This is testtable row 958"
"957","957","0","1","This is testtable row 957"
"956","956","1","0","This is testtable row 956"
"955","955","0","1","This is testtable row 955"
"954","954","1","0","This is testtable row 954"
"953","953","0","1","This is testtable row 953"
"952","952","1","0","This is testtable row 952"
"951","951","0","1","This is testtable row 951"
"950","950","1","0","This is testtable row 950"
"949","949","0","1","This is testtable row 949"
"948","948","1","0","This is testtable row 948"
"947","947","0","1","This is testtable row 947"
"946","946","1","0","This is testtable row 946"
"945","945","0","1","This is testtable row 945"
"944","944","1","0","This is testtable row 944"
"943","943","0","1","This is testtable row 943"
"942","942","1","0","This is testtable row 942"
"941","941","0","1","This is testtable row 941"
"940","940","1","0","This is testtable row 940"
"939","939","0","1","This is testtable row 939"
"938","938","1","0","This is testtable row 938"
"937","937","0","1","This is testtable row 937"
"936","936","1","0","This is testtable row 936"
"935","935","0","1","This is testtable row 935"
"934","934","1","0","This is testtable row 934"
"933","933","0","1","This is testtable row 933"
"932","932","1","0","This is testtable row 932"
"931","931","0","1","This is testtable row 931"
"930","930","1","0","This is testtable row 930"
"827","827","0","1","This is testtable row 827"
"826","826","1","0","This is testtable row 826"
"825","825","0","1","This is testtable row 825"
"824","824","1","0","This is testtable row 824"
"823","823","0","1","This is testtable row 823"
"822","822","1","0","This is testtable row 822"
"821","821","0","1","This is testtable row 821"
"820","820","1","0","This is testtable row 820"
"819","819","0","1","This is testtable row 819"
"818","818","1","0","This is testtable row 818"
"817","817","0","1","This is testtable row 817"
"816","816","1","0","This is testtable row 816"
"815","815","0","1","This is testtable row 815"
"814","814","1","0","This is testtable row 814"
"813","813","0","1","This is testtable row 813"
"812","812","1","0","This is testtable row 812"
"811","811","0","1","This is testtable row 811"
"810","810","1","0","This is testtable row 810"
"809","809","0","1","This is testtable row 809"
"808","808","1","0","This is testtable row 808"
"807","807","0","1","This is testtable row 807"
"806","806","1","0","This is testtable row 806"
"805","805","0","1","This is testtable row 805"
"804","804","1","0","This is testtable row 804"
"803","803","0","1","This is testtable row 803"
"802","802","1","0","This is testtable row 802"
"801","801","0","1","This is testtable row 801"
"800","800","1","0","This is testtable row 800"
"799","799","0","1","This is testtable row 799"
"798","798","1","0","This is testtable row 798"
"797","797","0","1","This is testtable row 797"
"796","796","1","0","This is testtable row 796"
"795","795","0","1","This is testtable row 795"
"794","794","1","0","This is testtable row 794"
"793","793","0","1","This is testtable row 793"
"792","792","1","0","This is testtable row 792"
"791","791","0","1","This is testtable row 791"
"790","790","1","0","This is testtable row 790"
"789","789","0","1","This is testtable row 789"
"788","788","1","0","This is testtable row 788"
"787","787","0","1","This is testtable row 787"
"786","786","1","0","This is testtable row 786"
"785","785","0","1","This is testtable row 785"
"784","784","1","0","This is testtable row 784"
"783","783","0","1","This is testtable row 783"
"782","782","1","0","This is testtable row 782"
"781","781","0","1","This is testtable row 781"
"780","780","1","0","This is testtable row 780"
"779","779","0","1","This is testtable row 779"
"778","778","1","0","This is testtable row 778"
"777","777","0","1","This is testtable row 777"
"776","776","1","0","This is testtable row 776"
"775","775","0","1","This is testtable row 775"
"774","774","1","0","This is testtable row 774"
"773","773","0","1","This is testtable row 773"
"772","772","1","0","This is testtable row 772"
"771","771","0","1","This is testtable row 771"
"770","770","1","0","This is testtable row 770"
"769","769","0","1","This is testtable row 769"
"768","768","1","0","This is testtable row 768"
"767","767","0","1","This is testtable row 767"
"766","766","1","0","This is testtable row 766"
"765","765","0","1","This is testtable row 765"
"764","764","1","0","This is testtable row 764"
"763","763","0","1","This is testtable row 763"
"762","762","1","0","This is testtable row 762"
"761","761","0","1","This is testtable row 761"
"760","760","1","0","This is testtable row 760"
"759","759","0","1","This is testtable row 759"
"758","758","1","0","This is testtable row 758"
"757","757","0","1","This is testtable row 757"
"756","756","1","0","This is testtable row 756"
"755","755","0","1","This is testtable row 755"
"754","754","1","0","This is testtable row 754"
"753","753","0","1","This is testtable row 753"
"752","752","1","0","This is testtable row 752"
"751","751","0","1","This is testtable row 751"
"750","750","1","0","This is testtable row 750"
"749","749","0","1","This is testtable row 749"
"748","748","1","0","This is testtable row 748"
"747","747","0","1","This is testtable row 747"
"746","746","1","0","This is testtable row 746"
"745","745","0","1","This is testtable row 745"
"744","744","1","0","This is testtable row 744"
"743","743","0","1","This is testtable row 743"
"742","742","1","0","This is testtable row 742"
"741","741","0","1","This is testtable row 741"
"740","740","1","0","This is testtable row 740"
"739","739","0","1","This is testtable row 739"
"738","738","1","0","This is testtable row 738"
"737","737","0","1","This is testtable row 737"
"736","736","1","0","This is testtable row 736"
"735","735","0","1","This is testtable row 735"
"734","734","1","0","This is testtable row 734"
"733","733","0","1","This is testtable row 733"
"732","732","1","0","This is testtable row 732"
"731","731","0","1","This is testtable row 731"
"730","730","1","0","This is testtable row 730"
"729","729","0","1","This is testtable row 729"
"728","728","1","0","This is testtable row 728"
"727","727","0","1","This is testtable row 727"
"726","726","1","0","This is testtable row 726"
"None","49584239929515","None","None","None"
"929","929","0","1","This is testtable row 929"
"928","928","1","0","This is testtable row 928"
"927","927","0","1","This is testtable row 927"
"926","926","1","0","This is testtable row 926"
"925","925","0","1","This is testtable row 925"
"924","924","1","0","This is testtable row 924"
"923","923","0","1","This is testtable row 923"
"922","922","1","0","This is testtable row 922"
"921","921","0","1","This is testtable row 921"
"920","920","1","0","This is testtable row 920"
"919","919","0","1","This is testtable row 919"
"918","918","1","0","This is testtable row 918"
"917","917","0","1","This is testtable row 917"
"916","916","1","0","This is testtable row 916"
"915","915","0","1","This is testtable row 915"
"914","914","1","0","This is testtable row 914"
"913","913","0","1","This is testtable row 913"
"912","912","1","0","This is testtable row 912"
"911","911","0","1","This is testtable row 911"
"910","910","1","0","This is testtable row 910"
"909","909","0","1","This is testtable row 909"
"908","908","1","0","This is testtable row 908"
"907","907","0","1","This is testtable row 907"
"906","906","1","0","This is testtable row 906"
"905","905","0","1","This is testtable row 905"
"904","904","1","0","This is testtable row 904"
"903","903","0","1","This is testtable row 903"
"902","902","1","0","This is testtable row 902"
"901","901","0","1","This is testtable row 901"
"900","900","1","0","This is testtable row 900"
"899","899","0","1","This is testtable row 899"
"898","898","1","0","This is testtable row 898"
"897","897","0","1","This is testtable row 897"
"896","896","1","0","This is testtable row 896"
"895","895","0","1","This is testtable row 895"
"894","894","1","0","This is testtable row 894"
"893","893","0","1","This is testtable row 893"
"None","0","None","None","None"
"None","96601381136555","None","None","None"
"None","25687243200323","None","None","None"
"None","256","None","None","None"
"None","1792","None","1","None"
"None","-74737917002422","None","None","None"
"None","91","None","None","None"
"None","28072","None","None","None"
"None","-71","None","None","None"
"None","49152","None","None","None"
"None","36827","None","None","None"
"None","-98","None","None","None"
"None","3008955392","None","None","None"
"None","5388","None","None","None"
"None","-12499327812278","None","None","None"
"None","24656","None","None","None"
"None","1840","None","None","None"
"None","33537","None","None","None"
"None","-38","None","None","None"
"237","237","0","1","This is testtable row 237"
"236","236","1","0","This is testtable row 236"
"235","235","0","1","This is testtable row 235"
"234","234","1","0","This is testtable row 234"
"233","233","0","1","This is testtable row 233"
"232","232","1","0","This is testtable row 232"
"231","231","0","1","This is testtable row 231"
"230","230","1","0","This is testtable row 230"
"229","229","0","1","This is testtable row 229"
"228","228","1","0","This is testtable row 228"
"227","227","0","1","This is testtable row 227"
"226","226","1","0","This is testtable row 226"
"225","225","0","1","This is testtable row 225"
"224","224","1","0","This is testtable row 224"
"223","223","0","1","This is testtable row 223"
"222","222","1","0","This is testtable row 222"
"221","221","0","1","This is testtable row 221"
"220","220","1","0","This is testtable row 220"
"219","219","0","1","This is testtable row 219"
"218","218","1","0","This is testtable row 218"
"217","217","0","1","This is testtable row 217"
"216","216","1","0","This is testtable row 216"
"None","28","None","None","None"
"None","0","None","None","None"
"673","673","0","1","This is testtable row 673"
"672","672","1","0","This is testtable row 672"
"671","671","0","1","This is testtable row 671"
"670","670","1","0","This is testtable row 670"
"669","669","0","1","This is testtable row 669"
"668","668","1","0","This is testtable row 668"
"667","667","0","1","This is testtable row 667"
"666","666","1","0","This is testtable row 666"
"665","665","0","1","This is testtable row 665"
"664","664","1","0","This is testtable row 664"
"663","663","0","1","This is testtable row 663"
"662","662","1","0","This is testtable row 662"
"661","661","0","1","This is testtable row 661"
"660","660","1","0","This is testtable row 660"
"659","659","0","1","This is testtable row 659"
"658","658","1","0","This is testtable row 658"
"657","657","0","1","This is testtable row 657"
"656","656","1","0","This is testtable row 656"
"655","655","0","1","This is testtable row 655"
"654","654","1","0","This is testtable row 654"
"653","653","0","1","This is testtable row 653"
"652","652","1","0","This is testtable row 652"
"651","651","0","1","This is testtable row 651"
"650","650","1","0","This is testtable row 650"
"649","649","0","1","This is testtable row 649"
"648","648","1","0","This is testtable row 648"
"647","647","0","1","This is testtable row 647"
"646","646","1","0","This is testtable row 646"
"645","645","0","1","This is testtable row 645"
"644","644","1","0","This is testtable row 644"
"643","643","0","1","This is testtable row 643"
"642","642","1","0","This is testtable row 642"
"641","641","0","1","This is testtable row 641"
"640","640","1","0","This is testtable row 640"
"639","639","0","1","This is testtable row 639"
"638","638","1","0","This is testtable row 638"
"637","637","0","1","This is testtable row 637"
"636","636","1","0","This is testtable row 636"
"635","635","0","1","This is testtable row 635"
"634","634","1","0","This is testtable row 634"
"633","633","0","1","This is testtable row 633"
"632","632","1","0","This is testtable row 632"
"631","631","0","1","This is testtable row 631"
"630","630","1","0","This is testtable row 630"
"629","629","0","1","This is testtable row 629"
"628","628","1","0","This is testtable row 628"
"627","627","0","1","This is testtable row 627"
"626","626","1","0","This is testtable row 626"
"625","625","0","1","This is testtable row 625"
"624","624","1","0","This is testtable row 624"
"783","824","0","1",""
"215","215","0","1","This is testtable row 215"
"214","214","1","0","This is testtable row 214"
"213","213","0","1","This is testtable row 213"
"212","212","1","0","This is testtable row 212"
"211","211","0","1","This is testtable row 211"
"210","210","1","0","This is testtable row 210"
"209","209","0","1","This is testtable row 209"
"208","208","1","0","This is testtable row 208"
"207","207","0","1","This is testtable row 207"
"206","206","1","0","This is testtable row 206"
"205","205","0","1","This is testtable row 205"
"204","204","1","0","This is testtable row 204"
"203","203","0","1","This is testtable row 203"
"202","202","1","0","This is testtable row 202"
"201","201","0","1","This is testtable row 201"
"200","200","1","0","This is testtable row 200"
"199","199","0","1","This is testtable row 199"
"198","198","1","0","This is testtable row 198"
"197","197","0","1","This is testtable row 197"
"196","196","1","0","This is testtable row 196"
"195","195","0","1","This is testtable row 195"
"194","194","1","0","This is testtable row 194"
"193","193","0","1","This is testtable row 193"
"192","192","1","0","This is testtable row 192"
"191","191","0","1","This is testtable row 191"
"190","190","1","0","This is testtable row 190"
"189","189","0","1","This is testtable row 189"
"188","188","1","0","This is testtable row 188"
"187","187","0","1","This is testtable row 187"
"186","186","1","0","This is testtable row 186"
"185","185","0","1","This is testtable row 185"
"184","184","1","0","This is testtable row 184"
"183","183","0","1","This is testtable row 183"
"182","182","1","0","This is testtable row 182"
"181","181","0","1","This is testtable row 181"
"180","180","1","0","This is testtable row 180"
"179","179","0","1","This is testtable row 179"
"178","178","1","0","This is testtable row 178"
"177","177","0","1","This is testtable row 177"
"176","176","1","0","This is testtable row 176"
"175","175","0","1","This is testtable row 175"
"174","174","1","0","This is testtable row 174"
"173","173","0","1","This is testtable row 173"
"172","172","1","0","This is testtable row 172"
"171","171","0","1","This is testtable row 171"
"170","170","1","0","This is testtable row 170"
"169","169","0","1","This is testtable row 169"
"168","168","1","0","This is testtable row 168"
"167","167","0","1","This is testtable row 167"
"166","166","1","0","This is testtable row 166"
"165","165","0","1","This is testtable row 165"
"164","164","1","0","This is testtable row 164"
"163","163","0","1","This is testtable row 163"
"162","162","1","0","This is testtable row 162"
"161","161","0","1","This is testtable row 161"
"160","160","1","0","This is testtable row 160"
"159","159","0","1","This is testtable row 159"
"158","158","1","0","This is testtable row 158"
"157","157","0","1","This is testtable row 157"
"156","156","1","0","This is testtable row 156"
"155","155","0","1","This is testtable row 155"
"154","154","1","0","This is testtable row 154"
"153","153","0","1","This is testtable row 153"
"152","152","1","0","This is testtable row 152"
"151","151","0","1","This is testtable row 151"
"150","150","1","0","This is testtable row 150"
"149","149","0","1","This is testtable row 149"
"148","148","1","0","This is testtable row 148"
"147","147","0","1","This is testtable row 147"
"146","146","1","0","This is testtable row 146"
"145","145","0","1","This is testtable row 145"
"144","144","1","0","This is testtable row 144"
"143","143","0","1","This is testtable row 143"
"142","142","1","0","This is testtable row 142"
"141","141","0","1","This is testtable row 141"
"140","140","1","0","This is testtable row 140"
"139","139","0","1","This is testtable row 139"
"138","138","1","0","This is testtable row 138"
"137","137","0","1","This is testtable row 137"
"136","136","1","0","This is testtable row 136"
"135","135","0","1","This is testtable row 135"
"134","134","1","0","This is testtable row 134"
"133","133","0","1","This is testtable row 133"
"132","132","1","0","This is testtable row 132"
"131","131","0","1","This is testtable row 131"
"130","130","1","0","This is testtable row 130"
"129","129","0","1","This is testtable row 129"
"None","9286","None","None","None"
"455","455","0","1","This is testtable row 455"
"454","454","1","0","This is testtable row 454"
"453","453","0","1","This is testtable row 453"
"452","452","1","0","This is testtable row 452"
"451","451","0","1","This is testtable row 451"
"450","450","1","0","This is testtable row 450"
"449","449","0","1","This is testtable row 449"
"448","448","1","0","This is testtable row 448"
"447","447","0","1","This is testtable row 447"
"446","446","1","0","This is testtable row 446"
"445","445","0","1","This is testtable row 445"
"444","444","1","0","This is testtable row 444"
"443","443","0","1","This is testtable row 443"
"442","442","1","0","This is testtable row 442"
"441","441","0","1","This is testtable row 441"
"440","440","1","0","This is testtable row 440"
"439","439","0","1","This is testtable row 439"
"438","438","1","0","This is testtable row 438"
"437","437","0","1","This is testtable row 437"
"436","436","1","0","This is testtable row 436"
"435","435","0","1","This is testtable row 435"
"434","434","1","0","This is testtable row 434"
"433","433","0","1","This is testtable row 433"
"432","432","1","0","This is testtable row 432"
"431","431","0","1","This is testtable row 431"
"430","430","1","0","This is testtable row 430"
"429","429","0","1","This is testtable row 429"
"428","428","1","0","This is testtable row 428"
"427","427","0","1","This is testtable row 427"
"426","426","1","0","This is testtable row 426"
"425","425","0","1","This is testtable row 425"
"424","424","1","0","This is testtable row 424"
"423","423","0","1","This is testtable row 423"
"422","422","1","0","This is testtable row 422"
"421","421","0","1","This is testtable row 421"
"420","420","1","0","This is testtable row 420"
"565","565","0","1","This is tes“"
"725","725","0","1","This is testtable row 725"
"724","724","1","0","This is testtable row 724"
"723","723","0","1","This is testtable row 723"
"722","722","1","0","This is testtable row 722"
"721","721","0","1","This is testtable row 721"
"720","720","1","0","This is testtable row 720"
"719","719","0","1","This is testtable row 719"
"718","718","1","0","This is testtable row 718"
"717","717","0","1","This is testtable row 717"
"716","716","1","0","This is testtable row 716"
"715","715","0","1","This is testtable row 715"
"714","714","1","0","This is testtable row 714"
"713","713","0","1","This is testtable row 713"
"712","712","1","0","This is testtable row 712"
"711","711","0","1","This is testtable row 711"
"710","710","1","0","This is testtable row 710"
"709","709","0","1","This is testtable row 709"
"708","708","1","0","This is testtable row 708"
"707","707","0","1","This is testtable row 707"
"706","706","1","0","This is testtable row 706"
"705","705","0","1","This is testtable row 705"
"704","704","1","0","This is testtable row 704"
"703","703","0","1","This is testtable row 703"
"702","702","1","0","This is testtable row 702"
"701","701","0","1","This is testtable row 701"
"700","700","1","0","This is testtable row 700"
"699","699","0","1","This is testtable row 699"
"698","698","1","0","This is testtable row 698"
"697","697","0","1","This is testtable row 697"
"696","696","1","0","This is testtable row 696"
"695","695","0","1","This is testtable row 695"
"694","694","1","0","This is testtable row 694"
"693","693","0","1","This is testtable row 693"
"692","692","1","0","This is testtable row 692"
"691","691","0","1","This is testtable row 691"
"690","690","1","0","This is testtable row 690"
"689","689","0","1","This is testtable row 689"
"688","688","1","0","This is testtable row 688"
"687","687","0","1","This is testtable row 687"
"686","686","1","0","This is testtable row 686"
"685","685","0","1","This is testtable row 685"
"684","684","1","0","This is testtable row 684"
"683","683","0","1","This is testtable row 683"
"682","682","1","0","This is testtable row 682"
"681","681","0","1","This is testtable row 681"
"680","680","1","0","This is testtable row 680"
"679","679","0","1","This is testtable row 679"
"678","678","1","0","This is testtable row 678"
"677","677","0","1","This is testtable row 677"
"676","676","1","0","This is testtable row 676"
"675","675","0","1","This is testtable row 675"
"674","674","1","0","This is testtable row 674"
"None","-1788014920374","None","None","None"
"None","25724","None","None","None"
"891","891","0","1","This is testtable row 891"
"890","890","1","0","This is testtable row 890"
"889","889","0","1","This is testtable row 889"
"888","888","1","0","This is testtable row 888"
"887","887","0","1","This is testtable row 887"
"886","886","1","0","This is testtable row 886"
"885","885","0","1","This is testtable row 885"
"884","884","1","0","This is testtable row 884"
"883","883","0","1","This is testtable row 883"
"882","882","1","0","This is testtable row 882"
"881","881","0","1","This is testtable row 881"
"880","880","1","0","This is testtable row 880"
"879","879","0","1","This is testtable row 879"
"878","878","1","0","This is testtable row 878"
"877","877","0","1","This is testtable row 877"
"876","876","1","0","This is testtable row 876"
"875","875","0","1","This is testtable row 875"
"874","874","1","0","This is testtable row 874"
"873","873","0","1","This is testtable row 873"
"872","872","1","0","This is testtable row 872"
"871","871","0","1","This is testtable row 871"
"870","870","1","0","This is testtable row 870"
"869","869","0","1","This is testtable row 869"
"868","868","1","0","This is testtable row 868"
"867","867","0","1","This is testtable row 867"
"866","866","1","0","This is testtable row 866"
"865","865","0","1","This is testtable row 865"
"864","864","1","0","This is testtable row 864"
"863","863","0","1","This is testtable row 863"
"862","862","1","0","This is testtable row 862"
"861","861","0","1","This is testtable row 861"
"860","860","1","0","This is testtable row 860"
"859","859","0","1","This is testtable row 859"
"858","858","1","0","This is testtable row 858"
"857","857","0","1","This is testtable row 857"
"856","856","1","0","This is testtable row 856"
"855","855","0","1","This is testtable row 855"
"854","854","1","0","This is testtable row 854"
"853","853","0","1","This is testtable row 853"
"852","852","1","0","This is testtable row 852"
"851","851","0","1","This is testtable row 851"
"850","850","1","0","This is testtable row 850"
"849","849","0","1","This is testtable row 849"
"848","848","1","0","This is testtable row 848"
"847","847","0","1","This is testtable row 847"
"846","846","1","0","This is testtable row 846"
"845","845","0","1","This is testtable row 845"
"844","844","1","0","This is testtable row 844"
"843","843","0","1","This is testtable row 843"
"842","842","1","0","This is testtable row 842"
"841","841","0","1","This is testtable row 841"
"840","840","1","0","This is testtable row 840"
"839","839","0","1","This is testtable row 839"
"838","838","1","0","This is testtable row 838"
"837","837","0","1","This is testtable row 837"
"836","836","1","0","This is testtable row 836"
"835","835","0","1","This is testtable row 835"
"834","834","1","0","This is testtable row 834"
"833","833","0","1","This is testtable row 833"
"832","832","1","0","This is testtable row 832"
"831","831","0","1","This is testtable row 831"
"830","830","1","0","This is testtable row 830"
"829","829","0","1","This is testtable row 829"
"828","828","1","0","This is testtable row 828"
"None","54508","None","None","None"
"419","419","0","1","This is testtable row 419"
"418","418","1","0","This is testtable row 418"
"417","417","0","1","This is testtable row 417"
"416","416","1","0","This is testtable row 416"
"415","415","0","1","This is testtable row 415"
"414","414","1","0","This is testtable row 414"
"413","413","0","1","This is testtable row 413"
"412","412","1","0","This is testtable row 412"
"411","411","0","1","This is testtable row 411"
"410","410","1","0","This is testtable row 410"
"409","409","0","1","This is testtable row 409"
"408","408","1","0","This is testtable row 408"
"407","407","0","1","This is testtable row 407"
"406","406","1","0","This is testtable row 406"
"405","405","0","1","This is testtable row 405"
"404","404","1","0","This is testtable row 404"
"403","403","0","1","This is testtable row 403"
"402","402","1","0","This is testtable row 402"
"401","401","0","1","This is testtable row 401"
"400","400","1","0","This is testtable row 400"
"399","399","0","1","This is testtable row 399"
"398","398","1","0","This is testtable row 398"
"397","397","0","1","This is testtable row 397"
"396","396","1","0","This is testtable row 396"
"395","395","0","1","This is testtable row 395"
"394","394","1","0","This is testtable row 394"
"393","393","0","1","This is testtable row 393"
"392","392","1","0","This is testtable row 392"
"391","391","0","1","This is testtable row 391"
"390","390","1","0","This is testtable row 390"
"389","389","0","1","This is testtable row 389"
"388","388","1","0","This is testtable row 388"
"387","387","0","1","This is testtable row 387"
"386","386","1","0","This is testtable row 386"
"385","385","0","1","This is testtable row 385"
"384","384","1","0","This is testtable row 384"
"383","383","0","1","This is testtable row 383"
"382","382","1","0","This is testtable row 382"
"381","381","0","1","This is testtable row 381"
"380","380","1","0","This is testtable row 380"
"379","379","0","1","This is testtable row 379"
"378","378","1","0","This is testtable row 378"
"377","377","0","1","This is testtable row 377"
"376","376","1","0","This is testtable row 376"
"375","375","0","1","This is testtable row 375"
"374","374","1","0","This is testtable row 374"
"373","373","0","1","This is testtable row 373"
"372","372","1","0","This is testtable row 372"
"371","371","0","1","This is testtable row 371"
"370","370","1","0","This is testtable row 370"
"369","369","0","1","This is testtable row 369"
"368","368","1","0","This is testtable row 368"
"367","367","0","1","This is testtable row 367"
"366","366","1","0","This is testtable row 366"
"365","365","0","1","This is testtable row 365"
"364","364","1","0","This is testtable row 364"
"363","363","0","1","This is testtable row 363"
"362","362","1","0","This is testtable row 362"
"361","361","0","1","This is testtable row 361"
"360","360","1","0","This is testtable row 360"
"359","359","0","1","This is testtable row 359"
"358","358","1","0","This is testtable row 358"
"357","357","0","1","This is testtable row 357"
"356","356","1","0","This is testtable row 356"
"355","355","0","1","This is testtable row 355"
"354","354","1","0","This is testtable row 354"
"353","353","0","1","This is testtable row 353"
"352","352","1","0","This is testtable row 352"
"351","351","0","1","This is testtable row 351"
"350","350","1","0","This is testtable row 350"
"349","349","0","1","This is testtable row 349"
"348","348","1","0","This is testtable row 348"
"347","347","0","1","This is testtable row 347"
"346","346","1","0","This is testtable row 346"
"345","345","0","1","This is testtable row 345"
"344","344","1","0","This is testtable row 344"
"343","343","0","1","This is testtable row 343"
"342","342","1","0","This is testtable row 342"
"341","341","0","1","This is testtable row 341"
"340","340","1","0","This is testtable row 340"
"339","339","0","1","This is testtable row 339"
"338","338","1","0","This is testtable row 338"
"337","337","0","1","This is testtable row 337"
"336","336","1","0","This is testtable row 336"
"335","335","0","1","This is testtable row 335"
"334","334","1","0","This is testtable row 334"
"333","333","0","1","This is testtable row 333"
"332","332","1","0","This is testtable row 332"
"331","331","0","1","This is testtable row 331"
"330","330","1","0","This is testtable row 330"
"329","329","0","1","This is testtable row 329"
"328","328","1","0","This is testtable row 328"
"327","327","0","1","This is testtable row 327"
"326","326","1","0","This is testtable row 326"
"325","325","0","1","This is testtable row 325"
"324","324","1","0","This is testtable row 324"
"323","323","0","1","This is testtable row 323"
"322","322","1","0","This is testtable row 322"
"321","321","0","1","This is testtable row 321"
"320","320","1","0","This is testtable row 320"
"319","319","0","1","This is testtable row 319"
"318","318","1","0","This is testtable row 318"
"None","129565020224842","None","None","None"
"0","0","0","0",""
"None","55034570177866","None","None","None"
"674","674","1","0","This y strings and S."
"128","128","1","0","This is testtable row 128"
"521","521","0","1","This is testtable row 521"
"520","520","1","0","This is testtable row 520"
"519","519","0","1","This is testtable row 519"
"518","518","1","0","This is testtable row 518"
"517","517","0","1","This is testtable row 517"
"516","516","1","0","This is testtable row 516"
"515","515","0","1","This is testtable row 515"
"514","514","1","0","This is testtable row 514"
"513","513","0","1","This is testtable row 513"
"512","512","1","0","This is testtable row 512"
"511","511","0","1","This is testtable row 511"
"510","510","1","0","This is testtable row 510"
"509","509","0","1","This is testtable row 509"
"508","508","1","0","This is testtable row 508"
"507","507","0","1","This is testtable row 507"
"506","506","1","0","This is testtable row 506"
"505","505","0","1","This is testtable row 505"
"504","504","1","0","This is testtable row 504"
"503","503","0","1","This is testtable row 503"
"502","502","1","0","This is testtable row 502"
"501","501","0","1","This is testtable row 501"
"500","500","1","0","This is testtable row 500"
"499","499","0","1","This is testtable row 499"
"498","498","1","0","This is testtable row 498"
"497","497","0","1","This is testtable row 497"
"496","496","1","0","This is testtable row 496"
"495","495","0","1","This is testtable row 495"
"494","494","1","0","This is testtable row 494"
"493","493","0","1","This is testtable row 493"
"492","492","1","0","This is testtable row 492"
"491","491","0","1","This is testtable row 491"
"490","490","1","0","This is testtable row 490"
"489","489","0","1","This is testtable row 489"
"488","488","1","0","This is testtable row 488"
"487","487","0","1","This is testtable row 487"
"486","486","1","0","This is testtable row 486"
"485","485","0","1","This is testtable row 485"
"484","484","1","0","This is testtable row 484"
"483","483","0","1","This is testtable row 483"
"482","482","1","0","This is testtable row 482"
"481","481","0","1","This is testtable row 481"
"480","480","1","0","This is testtable row 480"
"479","479","0","1","This is testtable row 479"
"478","478","1","0","This is testtable row 478"
"477","477","0","1","This is testtable row 477"
"476","476","1","0","This is testtable row 476"
"475","475","0","1","This is testtable row 475"
"474","474","1","0","This is testtable row 474"
"473","473","0","1","This is testtable row 473"
"472","472","1","0","This is testtable row 472"
"471","471","0","1","This is testtable row 471"
"470","470","1","0","This is testtable row 470"
"469","469","0","1","This is testtable row 469"
"468","468","1","0","This is testtable row 468"
"467","467","0","1","This is testtable row 467"
"466","466","1","0","This is testtable row 466"
"465","465","0","1","This is testtable row 465"
"464","464","1","0","This is testtable row 464"
"463","463","0","1","This is testtable row 463"
"462","462","1","0","This is testtable row 462"
"461","461","0","1","This is testtable row 461"
"460","460","1","0","This is testtable row 460"
"459","459","0","1","This is testtable row 459"
"458","458","1","0","This is testtable row 458"
"457","457","0","1","This is testtable row 457"
"456","456","1","0","This is testtable row 456"
"None","64242829046106","None","None","None"
"None","55488","None","None","None"
"None","41552","None","None","None"
"892","892","1","0","This is testtable row 892"
"456","456","1","0","This is testtable"
"347","347","0","1","This is testtable row 3◊ˇ"
